{
  "images" : [
    {
      "filename" : "Default~iphone.png",
      "idiom" : "iphone",
      "scale" : "1x"
    },
    {
      "filename" : "Default@2x~iphone.png",
      "idiom" : "iphone",
      "scale" : "2x"
    },
    {
      "idiom" : "iphone",
      "scale" : "3x"
    },
    {
      "idiom" : "iphone",
      "scale" : "1x",
      "subtype" : "retina4"
    },
    {
      "filename" : "Default-568h@2x~iphone.png",
      "idiom" : "iphone",
      "scale" : "2x",
      "subtype" : "retina4"
    },
    {
      "idiom" : "iphone",
      "scale" : "3x",
      "subtype" : "retina4"
    },
    {
      "filename" : "Default-736h.png",
      "idiom" : "iphone",
      "scale" : "3x",
      "subtype" : "736h"
    },
    {
      "filename" : "Default-667h.png",
      "idiom" : "iphone",
      "scale" : "2x",
      "subtype" : "667h"
    },
    {
      "filename" : "Default-2436h.png",
      "idiom" : "iphone",
      "scale" : "3x",
      "subtype" : "2436h"
    },
    {
      "filename" : "Default-2688h.png",
      "idiom" : "iphone",
      "scale" : "3x",
      "subtype" : "2688h"
    },
    {
      "filename" : "Default-1792h.png",
      "idiom" : "iphone",
      "scale" : "2x",
      "subtype" : "1792h"
    },
    {
      "filename" : "Default-No-StatusBar~ipad.png",
      "idiom" : "ipad",
      "scale" : "1x"
    },
    {
      "filename" : "Default-No-StatusBar@2x~ipad.png",
      "idiom" : "ipad",
      "scale" : "2x"
    },
    {
      "filename" : "Default@2x~iphone.png",
      "idiom" : "iphone",
      "scale" : "2x",
      "unassigned" : true
    },
    {
      "filename" : "Default-568h@2x~iphone.png",
      "idiom" : "iphone",
      "scale" : "2x",
      "subtype" : "retina4",
      "unassigned" : true
    },
    {
      "filename" : "Default-Portrait~ipad.png",
      "idiom" : "ipad",
      "scale" : "1x",
      "unassigned" : true
    },
    {
      "filename" : "Default-Portrait~ipad.png",
      "idiom" : "ipad",
      "scale" : "1x",
      "unassigned" : true
    },
    {
      "filename" : "Default-Portrait@2x~ipad.png",
      "idiom" : "ipad",
      "scale" : "2x",
      "unassigned" : true
    },
    {
      "filename" : "Default-Portrait@2x~ipad.png",
      "idiom" : "ipad",
      "scale" : "2x",
      "unassigned" : true
    }
  ],
  "info" : {
    "author" : "xcode",
    "version" : 1
  }
}
